<?xml version="1.0" encoding="UTF-8" ?>
<extension id="order_entries" status="released" xmlns="http://symphony-cms.com/schemas/extension/1.0">
	<name>Order Entries</name>
	<description lang="en">Allow drag-and-drop re-ordering of entries.</description>
	<repo type="github">https://github.com/symphonists/order_entries</repo>
	<types>
		<type>Workflow</type>
		<type>Field</type>
		<type>Ordering</type>
	</types>
	<authors>
		<author>
			<name github="symphonists" symphony="community">Symphony Community</name>
		</author>
		<author>
			<name github="nickdunn" symphony="nickdunn" twitter="nickdunn">Nick Dunn</name>
			<website>http://nick-dunn.co.uk</website>
		</author>
	</authors>
	<releases>
		<release version="2.3.5" date="2016-07-29" min="2.5" max="2.x">
			- Fix broken save on large data sets: Use POST instead of GET
		</release>
		<release version="2.3.4" date="2016-03-06" min="2.5" max="2.x.x">
			- Fix the broken "Hide on publish pages" that always hid the field (#78)
			- Added a LICENCE.txt file
		</release>
		<release version="2.3.3" date="2016-01-05" min="2.5" max="2.6.x">
			- Fix bug with core API: Widget::wrapFormElementWithError is now Widget::Error
			- Replace mistyped delegate with new one
		</release>
		<release version="2.3.2" date="2015-11-20" min="2.5" max="2.6.x">
			- Fix bug where value was also being set for null filters
		</release>
		<release version="2.3.1" date="2015-10-07" min="2.5" max="2.6.x">
			- Bug fixes (#69, #72, #73)
		</release>
		<release version="2.3.0" date="2015-09-01" min="2.5" max="2.6.x">
			- Added filtered ordering
			- Bug fixes
		</release>
		<release version="2.2.1" date="2015-01-26" min="2.5" max="2.6.x">
			- Fix entry selection
		</release>
		<release version="2.2.0" date="2015-01-22" min="2.5" max="2.6.x">
			- Add contextual Ordering using backend/frontend filters
			- Add Disable Pagination Option
		</release>
		<release version="2.1.3" date="2014-07-13" min="2.4">
			- Fixed the login page being crashed
		</release>
		<release version="2.1.2" date="2014-06-21" min="2.4">
			- Fixed invalid meta XML
		</release>
		<release version="2.1.1" date="2014-06-20" min="2.4">
			- Fixed table selection
		</release>
		<release version="2.1.0" date="2014-06-12" min="2.4">
			- Fixed incorrect version number
		</release>
		<release version="2.0.1" date="2014-04-16" min="2.4">
			- Minor fixes
			- Added custom delegated pre and post ordering
		</release>
		<release version="2.0.0" date="2014-04-15" min="2.4">
			- Symphony 2.4 compatibility
			- Fixed pagination maximum rows
			- Fixed force sort that now automatically sets sorting
		</release>
		<release version="1.10.1" date="2012-03-11" min="2.3.x" />
		<release version="1.10.0" date="2012-03-09" min="2.3.x" />
		<release version="1.9.8" date="2011-12-19" min="2.2.2" max="2.2.x" />
		<release version="1.9.7" date="2011-10-12" min="2.2.2" />
		<release version="1.9.6" date="2011-02-16" min="2.2" />
		<release version="1.9.5" date="2011-05-21" min="2.0.3" max="2.1.x" />
	</releases>
</extension>
